variable	Compartment	term	estimate	std.error	statistic	p.value	p.adj	direction	classification	Kingdom	Phylum	Class	Order	Family	Genus	Species	Phylum2
1104556	Rhizosphere	Day_After_Germination	-0.0026500378167637686	7.296085869143347e-4	-3.6321362773035957	3.935192709462883e-4	0.02125004063109957	Decreasing	Decreasing	Bacteria	Proteobacteria	Alphaproteobacteria	Rhodospirillales	Rhodospirillaceae	unclassified	unclassified	Alphaproteobacteria
1021984	Rhizosphere	Day_After_Germination	0.007298328515273827	0.0010669123155851944	6.84060761944691	2.257049618009001e-10	1.2188067937248605e-8	Increasing	Increasing	Bacteria	Proteobacteria	Deltaproteobacteria	Myxococcales	unclassified	unclassified	unclassified	Deltaproteobacteria
944113	Rhizosphere	Day_After_Germination	0.008203950555534257	7.699686442877948e-4	10.65491512725527	8.833034576209432e-20	4.769838671153093e-18	Increasing	Increasing	Bacteria	Bacteroidetes	Bacteroidia	Bacteroidales	unclassified	unclassified	unclassified	Bacteroidetes
934557	Rhizosphere	Day_After_Germination	0.0059176127891307	5.984180099331954e-4	9.888761185164388	8.17516906614355e-18	4.414591295717517e-16	Increasing	Increasing	Bacteria	Chloroflexi	Anaerolineae	Caldilineales	Caldilineaceae	unclassified	unclassified	Chloroflexi
822571	Rhizosphere	Day_After_Germination	0.009104547519155725	8.709298715821149e-4	10.453823914222363	2.909923369767477e-19	1.5713586196744375e-17	Increasing	Increasing	Bacteria	Verrucomicrobia	[Pedosphaerae]	[Pedosphaerales]	unclassified	unclassified	unclassified	Verrucomicrobia
817295	Rhizosphere	Day_After_Germination	0.006848342598634741	0.0010747218577653937	6.3721999782102685	2.512391721686256e-9	1.3566915297105783e-7	Increasing	Increasing	Bacteria	Cyanobacteria	unclassified	unclassified	unclassified	unclassified	unclassified	Cyanobacteria
813043	Rhizosphere	Day_After_Germination	0.018068172819015987	0.0016093287146848854	11.227148719926882	2.9419901225647875e-21	1.5886746661849853e-19	Increasing	Increasing	Bacteria	Acidobacteria	AT-s54	unclassified	unclassified	unclassified	unclassified	Acidobacteria
783719	Rhizosphere	Day_After_Germination	-0.007813208083111551	9.054376808236506e-4	-8.62920579581369	1.220396557151034e-14	6.590141408615584e-13	Decreasing	Decreasing	Bacteria	Proteobacteria	Betaproteobacteria	Burkholderiales	Comamonadaceae	unclassified	unclassified	Betaproteobacteria
626739	Rhizosphere	Day_After_Germination	-0.002303534822359986	5.29686683389706e-4	-4.3488630063693865	2.6175811203709646e-5	0.0014134938050003208	Decreasing	Decreasing	Bacteria	Proteobacteria	Betaproteobacteria	Rhodocyclales	Rhodocyclaceae	Z-35	unclassified	Betaproteobacteria
590579	Rhizosphere	Day_After_Germination	0.009033494478696042	9.651548835025527e-4	9.359631944163654	1.8080634694084806e-16	9.763542734805795e-15	Increasing	Increasing	Bacteria	Proteobacteria	Deltaproteobacteria	Desulfuromonadales	Geobacteraceae	Geobacter	unclassified	Deltaproteobacteria
567841	Rhizosphere	Day_After_Germination	0.00997141937305724	9.949614548073135e-4	10.021915245941189	3.7336454570932314e-18	2.016168546830345e-16	Increasing	Increasing	Bacteria	Proteobacteria	Deltaproteobacteria	[Entotheonellales]	unclassified	unclassified	unclassified	Deltaproteobacteria
565744	Rhizosphere	Day_After_Germination	0.006632498891034732	5.828606808393976e-4	11.3792182404259	1.1895126690564262e-21	6.423368412904701e-20	Increasing	Increasing	Bacteria	Proteobacteria	Betaproteobacteria	SBla14	unclassified	unclassified	unclassified	Betaproteobacteria
367606	Rhizosphere	Day_After_Germination	7.304375063935561e-4	0.001168591713136544	0.6250579207283906	0.5329505109201478	1	Increasing	Neutral	Bacteria	Acidobacteria	[Chloracidobacteria]	11-24	unclassified	unclassified	unclassified	Acidobacteria
339660	Rhizosphere	Day_After_Germination	0.011551646205284047	0.001177592924680535	9.8095411098176	1.3021367222967757e-17	7.031538300402588e-16	Increasing	Increasing	Bacteria	Proteobacteria	Gammaproteobacteria	Xanthomonadales	Sinobacteraceae	unclassified	unclassified	Gammaproteobacteria
307872	Rhizosphere	Day_After_Germination	0.006293418817665441	5.73316303502186e-4	10.977219345100039	1.3017422894923753e-20	7.029408363258827e-19	Increasing	Increasing	Bacteria	Proteobacteria	Deltaproteobacteria	[Entotheonellales]	unclassified	unclassified	unclassified	Deltaproteobacteria
267968	Rhizosphere	Day_After_Germination	0.004789873051917144	3.990211577694973e-4	12.004057826638135	2.876318292172896e-23	1.5532118777733637e-21	Increasing	Increasing	Bacteria	Bacteroidetes	Bacteroidia	Bacteroidales	unclassified	unclassified	unclassified	Bacteroidetes
261776	Rhizosphere	Day_After_Germination	0.0036696555234666307	5.472740163852118e-4	6.705334829716557	4.564888275572381e-10	2.4650396688090857e-8	Increasing	Increasing	Bacteria	Bacteroidetes	Bacteroidia	Bacteroidales	unclassified	unclassified	unclassified	Bacteroidetes
234790	Rhizosphere	Day_After_Germination	0.020251590331113664	0.0012606750943368178	16.064083777086974	1.4240817466629688e-33	7.690041431980032e-32	Increasing	Increasing	Bacteria	Proteobacteria	Deltaproteobacteria	Desulfovibrionales	Desulfovibrionaceae	Desulfovibrio	mexicanus	Deltaproteobacteria
234236	Rhizosphere	Day_After_Germination	0.016028195934028582	0.0013250300830476064	12.096477007648975	1.658942668386487e-23	8.95829040928703e-22	Increasing	Increasing	Bacteria	Proteobacteria	Betaproteobacteria	SBla14	unclassified	unclassified	unclassified	Betaproteobacteria
144821	Rhizosphere	Day_After_Germination	0.02198529539283722	0.001501673402521805	14.64053059467968	5.0627983984434325e-30	2.7339111351594536e-28	Increasing	Increasing	Bacteria	Proteobacteria	Betaproteobacteria	SBla14	unclassified	unclassified	unclassified	Betaproteobacteria
141786	Rhizosphere	Day_After_Germination	-0.00673039850231625	5.268244518276281e-4	-12.77541025092429	2.9296632937730177e-25	1.5820181786374296e-23	Decreasing	Decreasing	Bacteria	Bacteroidetes	[Saprospirae]	[Saprospirales]	Chitinophagaceae	Flavisolibacter	unclassified	Bacteroidetes
104164	Rhizosphere	Day_After_Germination	-0.0038234912964573765	4.125187970037149e-4	-9.268647451289219	3.0688263605362436e-16	1.6571662346895717e-14	Decreasing	Decreasing	Bacteria	Verrucomicrobia	Verrucomicrobiae	Verrucomicrobiales	Verrucomicrobiaceae	Luteolibacter	unclassified	Verrucomicrobia
6955	Rhizosphere	Day_After_Germination	-0.013693383748137666	0.0016306168662536071	-8.397670864032358	4.550029763540346e-14	2.4570160723117867e-12	Decreasing	Decreasing	Bacteria	Proteobacteria	Betaproteobacteria	Burkholderiales	Comamonadaceae	Hydrogenophaga	unclassified	Betaproteobacteria
816501	Rhizosphere	Day_After_Germination	0.010145669585303357	9.356795103886004e-4	10.843103298360912	2.889212346605863e-20	1.560174667167166e-18	Increasing	Increasing	Bacteria	Proteobacteria	Betaproteobacteria	SBla14	unclassified	unclassified	unclassified	Betaproteobacteria
1128107	Rhizosphere	Day_After_Germination	0.006986350385537247	7.571042800868581e-4	9.227725386436521	3.891815901331304e-16	2.101580586718904e-14	Increasing	Increasing	Bacteria	WS3	PRR-12	Sediment-1	unclassified	unclassified	unclassified	WS3
810344	Rhizosphere	Day_After_Germination	0.004262337827549157	0.0014354277690813082	2.9693850985459944	0.003511879277302229	0.18964148097432035	Increasing	Neutral	Bacteria	Acidobacteria	BPC102	B110	unclassified	unclassified	unclassified	Acidobacteria
831419	Rhizosphere	Day_After_Germination	-0.03396916545921941	0.0031328666224297954	-10.842838062755934	2.893769611382481e-20	1.5626355901465398e-18	Decreasing	Decreasing	Bacteria	Proteobacteria	Betaproteobacteria	Burkholderiales	Comamonadaceae	Hydrogenophaga	unclassified	Betaproteobacteria
807217	Rhizosphere	Day_After_Germination	0.011219561220714056	0.001067664026220475	10.50851292651607	2.104572026695322e-19	1.1364688944154739e-17	Increasing	Increasing	Bacteria	Verrucomicrobia	[Pedosphaerae]	[Pedosphaerales]	Ellin515	unclassified	unclassified	Verrucomicrobia
635511	Rhizosphere	Day_After_Germination	0.007009657341036512	7.282964747005375e-4	9.624730565830019	3.847638266851957e-17	2.0777246641000565e-15	Increasing	Increasing	Bacteria	Proteobacteria	Deltaproteobacteria	Desulfuromonadales	Geobacteraceae	Geobacter	unclassified	Deltaproteobacteria
2866157	Rhizosphere	Day_After_Germination	0.011438543924454498	8.79193988704095e-4	13.01026175271576	7.279598344959833e-26	3.93098310627831e-24	Increasing	Increasing	Bacteria	Spirochaetes	Spirochaetes	Spirochaetales	Spirochaetaceae	Treponema	unclassified	Spirochaetes
2881195	Rhizosphere	Day_After_Germination	5.424736815154111e-5	0.0012256816253722914	0.04425893888640444	0.9647610662048631	1	Increasing	Neutral	Bacteria	Gemmatimonadetes	Gemm-5	unclassified	unclassified	unclassified	unclassified	Gemmatimonadetes
1143021	Rhizosphere	Day_After_Germination	-0.004727361257200599	5.32945917334143e-4	-8.870245748100306	3.0685973976853116e-15	1.6570425947500684e-13	Decreasing	Decreasing	Bacteria	Proteobacteria	Betaproteobacteria	Burkholderiales	Comamonadaceae	Rubrivivax	unclassified	Betaproteobacteria
2966692	Rhizosphere	Day_After_Germination	0.0038087028240841904	6.528298285511442e-4	5.834143382414101	3.586473005353233e-8	1.9366954228907455e-6	Increasing	Increasing	Bacteria	Proteobacteria	Betaproteobacteria	Rhodocyclales	Rhodocyclaceae	Sulfuritalea	unclassified	Betaproteobacteria
1148005	Rhizosphere	Day_After_Germination	-5.912029349394466e-6	3.559427513494755e-4	-0.01660949500159888	0.9867717967335119	1	Decreasing	Neutral	Bacteria	Proteobacteria	Betaproteobacteria	Ellin6067	unclassified	unclassified	unclassified	Betaproteobacteria
3116297	Rhizosphere	Day_After_Germination	0.022687516453580095	0.0019538547361175724	11.611670015275324	2.9784723076725344e-22	1.6083750461431686e-20	Increasing	Increasing	Bacteria	Proteobacteria	Deltaproteobacteria	Myxococcales	unclassified	unclassified	unclassified	Deltaproteobacteria
1136287	Rhizosphere	Day_After_Germination	0.0025546054072534607	3.588525214381444e-4	7.118816936315715	5.197045938944953e-11	2.8064048070302746e-9	Increasing	Increasing	Bacteria	Proteobacteria	Betaproteobacteria	Rhodocyclales	Rhodocyclaceae	K82	unclassified	Betaproteobacteria
805785	Rhizosphere	Day_After_Germination	0.003531528878990223	3.209812356174033e-4	11.002290748234463	1.1214179408847081e-20	6.055656880777424e-19	Increasing	Increasing	Bacteria	Proteobacteria	Gammaproteobacteria	Oceanospirillales	Halomonadaceae	unclassified	unclassified	Gammaproteobacteria
751207	Rhizosphere	Day_After_Germination	-0.01784141527928554	0.0016207674539025043	-11.008004409470805	1.0839477865707016e-20	5.853318047481788e-19	Decreasing	Decreasing	Bacteria	Proteobacteria	Betaproteobacteria	Burkholderiales	Comamonadaceae	unclassified	unclassified	Betaproteobacteria
876957	Rhizosphere	Day_After_Germination	0.00897772067607213	7.068981815205231e-4	12.700160943632989	4.579209700525268e-25	2.4727732382836447e-23	Increasing	Increasing	Bacteria	Proteobacteria	Betaproteobacteria	SBla14	unclassified	unclassified	unclassified	Betaproteobacteria
4017244	Rhizosphere	Day_After_Germination	0.0035594654440306217	7.863836114871617e-4	4.526372869469105	1.271110488131121e-5	6.863996635908053e-4	Increasing	Increasing	Bacteria	Spirochaetes	[Leptospirae]	[Leptospirales]	Leptospiraceae	Turneriella	unclassified	Spirochaetes
4312443	Rhizosphere	Day_After_Germination	-0.007609762247144066	0.0010666092363343187	-7.134536236810589	4.779548751184805e-11	2.5809563256397946e-9	Decreasing	Decreasing	Bacteria	Proteobacteria	Betaproteobacteria	Burkholderiales	Comamonadaceae	unclassified	unclassified	Betaproteobacteria
4314525	Rhizosphere	Day_After_Germination	-0.00219809981349458	4.3042132376295054e-4	-5.106856217711829	1.0513428991120863e-6	5.6772516552052656e-5	Decreasing	Decreasing	Bacteria	Firmicutes	Clostridia	Clostridiales	Clostridiaceae	Caloramator	unclassified	Firmicutes
4315253	Rhizosphere	Day_After_Germination	-0.004540506286757018	5.954686098588783e-4	-7.625097631650281	3.3717149602111157e-12	1.8207260785140024e-10	Decreasing	Decreasing	Bacteria	Proteobacteria	Deltaproteobacteria	Bdellovibrionales	Bacteriovoracaceae	unclassified	unclassified	Deltaproteobacteria
4320368	Rhizosphere	Day_After_Germination	-0.004943614739132076	7.229158698487414e-4	-6.838437147833604	2.2828193132270838e-10	1.2327224291426252e-8	Decreasing	Decreasing	Bacteria	Proteobacteria	Betaproteobacteria	Burkholderiales	Comamonadaceae	Hydrogenophaga	unclassified	Betaproteobacteria
4328907	Rhizosphere	Day_After_Germination	-0.003155894139615962	4.8806288304550785e-4	-6.466162966385011	1.5597923172801706e-9	8.422878513312922e-8	Decreasing	Decreasing	Bacteria	Proteobacteria	Betaproteobacteria	Burkholderiales	Comamonadaceae	unclassified	unclassified	Betaproteobacteria
4359270	Rhizosphere	Day_After_Germination	-0.0056098228440590045	8.104397068503774e-4	-6.92194964861795	1.4731583197417536e-10	7.955054926605469e-9	Decreasing	Decreasing	Bacteria	Gemmatimonadetes	Gemmatimonadetes	KD8-87	unclassified	unclassified	unclassified	Gemmatimonadetes
4365790	Rhizosphere	Day_After_Germination	0.0041175857432599544	6.062104606960513e-4	6.7923370021232214	2.9041652347936565e-10	1.5682492267885746e-8	Increasing	Increasing	Bacteria	Proteobacteria	Betaproteobacteria	Rhodocyclales	Rhodocyclaceae	unclassified	unclassified	Betaproteobacteria
4378777	Rhizosphere	Day_After_Germination	0.0037719110642544153	4.064986660662625e-4	9.27902445721572	2.8892965037277288e-16	1.5602201120129735e-14	Increasing	Increasing	Bacteria	Verrucomicrobia	[Pedosphaerae]	[Pedosphaerales]	unclassified	unclassified	unclassified	Verrucomicrobia
4389607	Rhizosphere	Day_After_Germination	0.012000062742227525	0.0010536828892292606	11.38868521534523	1.1242975156712685e-21	6.07120658462485e-20	Increasing	Increasing	Bacteria	Bacteroidetes	Bacteroidia	Bacteroidales	unclassified	unclassified	unclassified	Bacteroidetes
4414951	Rhizosphere	Day_After_Germination	-0.013989208157101248	0.0016685731835074152	-8.383934426954717	4.9178516754236545e-14	2.6556399047287736e-12	Decreasing	Decreasing	Bacteria	Proteobacteria	Betaproteobacteria	Burkholderiales	Comamonadaceae	Hydrogenophaga	unclassified	Betaproteobacteria
4429445	Rhizosphere	Day_After_Germination	-0.008227401403595035	8.71715866027366e-4	-9.438168701792046	1.1442272741835523e-16	6.1788272805911826e-15	Decreasing	Decreasing	Bacteria	Proteobacteria	Betaproteobacteria	Burkholderiales	Comamonadaceae	Hydrogenophaga	unclassified	Betaproteobacteria
4451302	Rhizosphere	Day_After_Germination	-0.0037466874135155055	5.839524018960633e-4	-6.41608357350737	2.011832641083104e-9	1.0863896261848761e-7	Decreasing	Decreasing	Bacteria	Proteobacteria	Betaproteobacteria	Burkholderiales	Comamonadaceae	Hydrogenophaga	unclassified	Betaproteobacteria
4453710	Rhizosphere	Day_After_Germination	-0.023803646644406765	0.0020930263534282775	-11.37283656530054	1.2355945971440714e-21	6.672210824577985e-20	Decreasing	Decreasing	Bacteria	Proteobacteria	Betaproteobacteria	Burkholderiales	Comamonadaceae	Rhodoferax	unclassified	Betaproteobacteria
4481956	Rhizosphere	Day_After_Germination	0.01343857308129431	8.284790831908042e-4	16.220775338753263	5.86373778809129e-34	3.166418405569297e-32	Increasing	Increasing	Bacteria	Bacteroidetes	Bacteroidia	Bacteroidales	unclassified	unclassified	unclassified	Bacteroidetes
1107608	Endosphere	Day_After_Germination	0.0032975864391237312	0.0012019490678793004	2.7435325898974567	0.006868280523742168	0.3708871482820771	Increasing	Neutral	Bacteria	Proteobacteria	Deltaproteobacteria	Myxococcales	unclassified	unclassified	unclassified	Deltaproteobacteria
909520	Endosphere	Day_After_Germination	0.012951363323139588	0.0024261250493707166	5.338291744895378	3.6625121333459717e-7	1.9777565520068248e-5	Increasing	Increasing	Bacteria	Proteobacteria	Deltaproteobacteria	Myxococcales	Myxococcaceae	Anaeromyxobacter	unclassified	Deltaproteobacteria
798634	Endosphere	Day_After_Germination	-0.02521444429383522	0.0022697146876528972	-11.10908099198555	5.467402964783812e-21	2.952397600983258e-19	Decreasing	Decreasing	Bacteria	Proteobacteria	Betaproteobacteria	Burkholderiales	Comamonadaceae	unclassified	unclassified	Betaproteobacteria
575562	Endosphere	Day_After_Germination	-0.014384274634755131	0.0016292121193257608	-8.828975959685332	3.72396508909241e-15	2.0109411481099012e-13	Decreasing	Decreasing	Bacteria	Proteobacteria	Betaproteobacteria	Burkholderiales	Comamonadaceae	Acidovorax	unclassified	Betaproteobacteria
567841	Endosphere	Day_After_Germination	0.0038064109750150237	5.550100483152567e-4	6.858273983632286	2.0172475614731415e-10	1.0893136831954964e-8	Increasing	Increasing	Bacteria	Proteobacteria	Deltaproteobacteria	[Entotheonellales]	unclassified	unclassified	unclassified	Deltaproteobacteria
565744	Endosphere	Day_After_Germination	0.01812770386941357	0.0017185334618666545	10.54835664923477	1.546052734100105e-19	8.348684764140566e-18	Increasing	Increasing	Bacteria	Proteobacteria	Betaproteobacteria	SBla14	unclassified	unclassified	unclassified	Betaproteobacteria
557756	Endosphere	Day_After_Germination	-6.324366210851398e-4	0.0022303460026170375	-0.2835598693400275	0.7771636246849412	1	Decreasing	Neutral	Bacteria	Proteobacteria	Betaproteobacteria	Burkholderiales	Comamonadaceae	Rubrivivax	unclassified	Betaproteobacteria
555887	Endosphere	Day_After_Germination	0.016832009008756317	0.001615642300918057	10.418153200861267	3.3519556794170153e-19	1.8100560668851883e-17	Increasing	Increasing	Bacteria	Proteobacteria	Betaproteobacteria	SBla14	unclassified	unclassified	unclassified	Betaproteobacteria
554299	Endosphere	Day_After_Germination	-0.0012275614332215555	7.310552846488735e-4	-1.6791636132021868	0.09533483164930336	1	Decreasing	Neutral	Bacteria	Proteobacteria	Alphaproteobacteria	Rhodospirillales	Rhodospirillaceae	unclassified	unclassified	Alphaproteobacteria
530377	Endosphere	Day_After_Germination	-0.004958463933120645	6.788029669729721e-4	-7.304717531262758	1.8745849217133933e-11	1.0122758577252323e-9	Decreasing	Decreasing	Bacteria	Proteobacteria	Betaproteobacteria	Burkholderiales	Comamonadaceae	Hydrogenophaga	unclassified	Betaproteobacteria
373070	Endosphere	Day_After_Germination	0.00752281362043343	0.001117972386180237	6.72897981508876	3.9633379191556904e-10	2.1402024763440728e-8	Increasing	Increasing	Bacteria	Acidobacteria	Holophagae	Holophagales	Holophagaceae	unclassified	unclassified	Acidobacteria
351875	Endosphere	Day_After_Germination	-0.004768658593044752	6.687036558232278e-4	-7.131198628148892	4.75701055117032e-11	2.5687856976319726e-9	Decreasing	Decreasing	Bacteria	Proteobacteria	Betaproteobacteria	Burkholderiales	Comamonadaceae	Hydrogenophaga	unclassified	Betaproteobacteria
307872	Endosphere	Day_After_Germination	0.0041259460957895734	5.191506763240947e-4	7.947492479454718	5.513179692005209e-13	2.977117033682813e-11	Increasing	Increasing	Bacteria	Proteobacteria	Deltaproteobacteria	[Entotheonellales]	unclassified	unclassified	unclassified	Deltaproteobacteria
254954	Endosphere	Day_After_Germination	0.0014244538349259992	0.0010181413715118846	1.3990727366384912	0.16398712000907892	1	Increasing	Neutral	Bacteria	Acidobacteria	Acidobacteria-6	CCU21	unclassified	unclassified	unclassified	Acidobacteria
245713	Endosphere	Day_After_Germination	0.00015436169241562329	0.0010575303101947155	0.14596431981907146	0.8841580249095478	1	Increasing	Neutral	Bacteria	Bacteroidetes	Cytophagia	Cytophagales	Cytophagaceae	unclassified	unclassified	Bacteroidetes
234790	Endosphere	Day_After_Germination	0.02269742136390968	0.0018918336980279051	11.99757747605936	2.701155194743118e-23	1.4586238051612837e-21	Increasing	Increasing	Bacteria	Proteobacteria	Deltaproteobacteria	Desulfovibrionales	Desulfovibrionaceae	Desulfovibrio	mexicanus	Deltaproteobacteria
234236	Endosphere	Day_After_Germination	0.03353844284153325	0.0026554721740900704	12.62993571116052	6.19160414716163e-25	3.3434662394672804e-23	Increasing	Increasing	Bacteria	Proteobacteria	Betaproteobacteria	SBla14	unclassified	unclassified	unclassified	Betaproteobacteria
219243	Endosphere	Day_After_Germination	0.00546444329262083	0.0011259315897610173	4.8532640369213516	3.178682006600909e-6	1.716488283564491e-4	Increasing	Increasing	Bacteria	Bacteroidetes	Sphingobacteriia	Sphingobacteriales	unclassified	unclassified	unclassified	Bacteroidetes
213772	Endosphere	Day_After_Germination	2.2645284517470467e-4	3.315427769212606e-4	0.6830275335133777	0.49571019317002774	1	Increasing	Neutral	Bacteria	Proteobacteria	Betaproteobacteria	Burkholderiales	Comamonadaceae	unclassified	unclassified	Betaproteobacteria
195864	Endosphere	Day_After_Germination	0.01667149546710292	0.002340025198156066	7.1244939927313675	4.930342317517712e-11	2.6623848514595647e-9	Increasing	Increasing	Bacteria	Actinobacteria	Actinobacteria	Actinomycetales	Micromonosporaceae	unclassified	unclassified	Actinobacteria
178053	Endosphere	Day_After_Germination	0.009707612516505565	0.0010985945457489643	8.836392419814375	3.568322778649341e-15	1.926894300470644e-13	Increasing	Increasing	Bacteria	Proteobacteria	Betaproteobacteria	unclassified	unclassified	unclassified	unclassified	Betaproteobacteria
174873	Endosphere	Day_After_Germination	-0.0031924021321976083	0.0017787925046252931	-1.7947018125478864	0.07484353941693721	1	Decreasing	Neutral	Bacteria	Proteobacteria	Betaproteobacteria	Burkholderiales	Comamonadaceae	Hydrogenophaga	unclassified	Betaproteobacteria
166838	Endosphere	Day_After_Germination	-0.0012948667801203938	0.0011457227165632613	-1.1301746586682935	0.26032149489249057	1	Decreasing	Neutral	Bacteria	Proteobacteria	Betaproteobacteria	Burkholderiales	Comamonadaceae	Rubrivivax	unclassified	Betaproteobacteria
152949	Endosphere	Day_After_Germination	-4.1392236833168877e-4	3.8354575402286406e-4	-1.0791994540161534	0.2823414736088454	1	Decreasing	Neutral	Bacteria	Proteobacteria	Deltaproteobacteria	Myxococcales	Myxococcaceae	Anaeromyxobacter	unclassified	Deltaproteobacteria
146676	Endosphere	Day_After_Germination	0.0019064233045160113	3.0092562784187453e-4	6.3351975642226375	2.9822002169645396e-9	1.6103881171608514e-7	Increasing	Increasing	Bacteria	Proteobacteria	Alphaproteobacteria	Rhizobiales	Bradyrhizobiaceae	Bradyrhizobium	unclassified	Alphaproteobacteria
144821	Endosphere	Day_After_Germination	0.0436616057728195	0.002810506957533702	15.535135273649624	2.4094642945656212e-32	1.3011107190654355e-30	Increasing	Increasing	Bacteria	Proteobacteria	Betaproteobacteria	SBla14	unclassified	unclassified	unclassified	Betaproteobacteria
144545	Endosphere	Day_After_Germination	-0.03819532291297733	0.0017188003429115496	-22.22208243703084	6.505381806509279e-48	3.51290617551501e-46	Decreasing	Decreasing	Bacteria	Chloroflexi	Chloroflexi	[Roseiflexales]	[Kouleothrixaceae]	unclassified	unclassified	Chloroflexi
141172	Endosphere	Day_After_Germination	0.007687286811516535	8.72606918535325e-4	8.809564361946252	4.164049866554982e-15	2.24858692793969e-13	Increasing	Increasing	Bacteria	Proteobacteria	Betaproteobacteria	Rhodocyclales	Rhodocyclaceae	unclassified	unclassified	Betaproteobacteria
73954	Endosphere	Day_After_Germination	0.004101701125583007	5.941846599867949e-4	6.903074754023711	1.5941395746490104e-10	8.608353703104656e-9	Increasing	Increasing	Bacteria	Proteobacteria	Deltaproteobacteria	Desulfovibrionales	Desulfovibrionaceae	Desulfovibrio	mexicanus	Deltaproteobacteria
6955	Endosphere	Day_After_Germination	-0.014830596617751594	0.001596121726748397	-9.291645097748487	2.552645789470874e-16	1.3784287263142718e-14	Decreasing	Decreasing	Bacteria	Proteobacteria	Betaproteobacteria	Burkholderiales	Comamonadaceae	Hydrogenophaga	unclassified	Betaproteobacteria
4386	Endosphere	Day_After_Germination	0.008555672677112965	9.374529587766524e-4	9.12650879920189	6.669318306955561e-16	3.6014318857560026e-14	Increasing	Increasing	Bacteria	Spirochaetes	[Leptospirae]	[Leptospirales]	Leptospiraceae	Leptonema	unclassified	Spirochaetes
816501	Endosphere	Day_After_Germination	0.02645281683656451	0.0022759836412246446	11.62258654123321	2.5418293514645283e-22	1.3725878497908453e-20	Increasing	Increasing	Bacteria	Proteobacteria	Betaproteobacteria	SBla14	unclassified	unclassified	unclassified	Betaproteobacteria
1954099	Endosphere	Day_After_Germination	0.009081790517458098	0.0013896175096525976	6.535460624505611	1.0765968615523492e-9	5.813623052382686e-8	Increasing	Increasing	Bacteria	Proteobacteria	Gammaproteobacteria	Xanthomonadales	Sinobacteraceae	Steroidobacter	unclassified	Gammaproteobacteria
699114	Endosphere	Day_After_Germination	0.003285577046680853	6.382871022936369e-4	5.1474908937911765	8.701348581479717e-7	4.6987282339990474e-5	Increasing	Increasing	Bacteria	Proteobacteria	Deltaproteobacteria	Myxococcales	unclassified	unclassified	unclassified	Deltaproteobacteria
1121134	Endosphere	Day_After_Germination	0.002779324061779549	5.202656132492895e-4	5.342125235649225	3.598680648983402e-7	1.943287550451037e-5	Increasing	Increasing	Bacteria	Proteobacteria	Deltaproteobacteria	Desulfuromonadales	Geobacteraceae	Geobacter	unclassified	Deltaproteobacteria
831419	Endosphere	Day_After_Germination	-0.03661365283770592	0.0031516738331146613	-11.617208752062472	2.6248802897347314e-22	1.4174353564567548e-20	Decreasing	Decreasing	Bacteria	Proteobacteria	Betaproteobacteria	Burkholderiales	Comamonadaceae	Hydrogenophaga	unclassified	Betaproteobacteria
2866157	Endosphere	Day_After_Germination	0.020299020554922474	0.0014357055221944097	14.138707583917597	8.124921847735539e-29	4.387457797777191e-27	Increasing	Increasing	Bacteria	Spirochaetes	Spirochaetes	Spirochaetales	Spirochaetaceae	Treponema	unclassified	Spirochaetes
2996648	Endosphere	Day_After_Germination	0.00290270629752383	3.5341341956646546e-4	8.21334487265537	1.242805397564528e-13	6.711149146848451e-12	Increasing	Increasing	Bacteria	Proteobacteria	Betaproteobacteria	unclassified	unclassified	unclassified	unclassified	Betaproteobacteria
1114798	Endosphere	Day_After_Germination	-0.004755368626105854	6.620805380071588e-4	-7.182462484729367	3.616456737723858e-11	1.9528866383708833e-9	Decreasing	Decreasing	Bacteria	Proteobacteria	Betaproteobacteria	Burkholderiales	Comamonadaceae	Hydrogenophaga	unclassified	Betaproteobacteria
876957	Endosphere	Day_After_Germination	0.020579233307095726	0.001924005127232012	10.696038703754514	6.419947516909631e-20	3.4667716591312008e-18	Increasing	Increasing	Bacteria	Proteobacteria	Betaproteobacteria	SBla14	unclassified	unclassified	unclassified	Betaproteobacteria
4302412	Endosphere	Day_After_Germination	0.006715375593878487	7.400858323029685e-4	9.07377941958686	9.055163873838566e-16	4.8897884918728256e-14	Increasing	Increasing	Bacteria	Proteobacteria	Betaproteobacteria	unclassified	unclassified	unclassified	unclassified	Betaproteobacteria
4317516	Endosphere	Day_After_Germination	0.0036509172062013096	9.29131694734619e-4	3.9293861428805243	1.3289065540796118e-4	0.007176095392029904	Increasing	Increasing	Bacteria	Proteobacteria	Deltaproteobacteria	Desulfobacterales	Desulfobulbaceae	unclassified	unclassified	Deltaproteobacteria
4320368	Endosphere	Day_After_Germination	-0.0090843397271462	0.001149321415775538	-7.904089841583851	7.019883419412688e-13	3.790737046482851e-11	Decreasing	Decreasing	Bacteria	Proteobacteria	Betaproteobacteria	Burkholderiales	Comamonadaceae	Hydrogenophaga	unclassified	Betaproteobacteria
4325081	Endosphere	Day_After_Germination	0.014697978791005928	0.001792016728487712	8.201920527499537	1.3254164723775237e-13	7.157248950838628e-12	Increasing	Increasing	Bacteria	Actinobacteria	Actinobacteria	Actinomycetales	unclassified	unclassified	unclassified	Actinobacteria
4354706	Endosphere	Day_After_Germination	0.022677487189525187	0.0015589236845376644	14.546887326463791	7.429279891886517e-30	4.011811141618719e-28	Increasing	Increasing	Bacteria	Proteobacteria	Deltaproteobacteria	Desulfovibrionales	Desulfovibrionaceae	Desulfovibrio	putealis	Deltaproteobacteria
4354822	Endosphere	Day_After_Germination	0.006235554035361966	8.054587365645538e-4	7.7416182261029025	1.7268849411510793e-12	9.325178682215828e-11	Increasing	Increasing	Bacteria	Acidobacteria	Holophagae	Holophagales	Holophagaceae	Geothrix	unclassified	Acidobacteria
4373617	Endosphere	Day_After_Germination	0.007025124684894397	0.0010612010310108789	6.619975367157723	6.970635323225995e-10	3.764143074542037e-8	Increasing	Increasing	Bacteria	Proteobacteria	Gammaproteobacteria	Xanthomonadales	Sinobacteraceae	unclassified	unclassified	Gammaproteobacteria
4414951	Endosphere	Day_After_Germination	-0.015379721998973746	0.0017520839848032825	-8.77795935147511	4.993868601974994e-15	2.696689045066497e-13	Decreasing	Decreasing	Bacteria	Proteobacteria	Betaproteobacteria	Burkholderiales	Comamonadaceae	Hydrogenophaga	unclassified	Betaproteobacteria
4427666	Endosphere	Day_After_Germination	0.00352383181412176	9.859988099866733e-4	3.57387025058315	4.82063260758824e-4	0.026031416080976498	Increasing	Increasing	Bacteria	Proteobacteria	Gammaproteobacteria	unclassified	unclassified	unclassified	unclassified	Gammaproteobacteria
4430221	Endosphere	Day_After_Germination	-0.00634840987092897	8.576987681219285e-4	-7.401677729851297	1.1095514436015379e-11	5.991577795448305e-10	Decreasing	Decreasing	Bacteria	Proteobacteria	Betaproteobacteria	Burkholderiales	Comamonadaceae	unclassified	unclassified	Betaproteobacteria
4439805	Endosphere	Day_After_Germination	-0.0059965619044368285	0.001144679567709528	-5.2386380202765235	5.76905947369902e-7	3.115292115797471e-5	Decreasing	Decreasing	Bacteria	Fibrobacteres	Fibrobacteria	258ds10	unclassified	unclassified	unclassified	Fibrobacteres
4453710	Endosphere	Day_After_Germination	-0.03135517235977819	0.003242315523602528	-9.670611059141937	2.7790933630965397e-17	1.5007104160721314e-15	Decreasing	Decreasing	Bacteria	Proteobacteria	Betaproteobacteria	Burkholderiales	Comamonadaceae	Rhodoferax	unclassified	Betaproteobacteria
4477199	Endosphere	Day_After_Germination	-0.003652181171527252	5.382783534947948e-4	-6.7849304134474515	2.9611396813877556e-10	1.599015427949388e-8	Decreasing	Decreasing	Bacteria	Proteobacteria	Betaproteobacteria	Burkholderiales	Comamonadaceae	Limnohabitans	unclassified	Betaproteobacteria
37119	Endosphere	Day_After_Germination	0.010290978702987284	0.001153432357365161	8.922047866331273	2.1778517855003494e-15	1.1760399641701887e-13	Increasing	Increasing	Archaea	Euryarchaeota	Methanomicrobia	Methanomicrobiales	Methanoregulaceae	Candidatus_Methanoregula	unclassified	Euryarchaeota
1021984	Rhizoplane	Day_After_Germination	0.009207765362208409	0.0025787380600181295	3.5706477927981854	4.885664738944848e-4	0.02638258959030218	Increasing	Increasing	Bacteria	Proteobacteria	Deltaproteobacteria	Myxococcales	unclassified	unclassified	unclassified	Deltaproteobacteria
993270	Rhizoplane	Day_After_Germination	-0.0036405198107818	5.632001699648306e-4	-6.463989190573458	1.5771507120499073e-9	8.5166138450695e-8	Decreasing	Decreasing	Bacteria	Proteobacteria	Betaproteobacteria	Rhodocyclales	Rhodocyclaceae	Dechloromonas	unclassified	Betaproteobacteria
940737	Rhizoplane	Day_After_Germination	0.0039529845943685445	0.0013494662906424566	2.9292948047532184	0.003967703184827623	0.21425597198069166	Increasing	Neutral	Bacteria	Proteobacteria	Betaproteobacteria	Burkholderiales	Comamonadaceae	unclassified	unclassified	Betaproteobacteria
589360	Rhizoplane	Day_After_Germination	0.004842913356118561	0.0010249399014518833	4.725070561950325	5.5359195147301035e-6	2.989396537954256e-4	Increasing	Increasing	Bacteria	Proteobacteria	Gammaproteobacteria	Methylococcales	Crenotrichaceae	Crenothrix	unclassified	Gammaproteobacteria
574749	Rhizoplane	Day_After_Germination	-0.0027979492394612014	5.259355779375038e-4	-5.319946694676126	4.01764536740596e-7	2.1695284983992186e-5	Decreasing	Decreasing	Bacteria	Proteobacteria	Alphaproteobacteria	Rhizobiales	Rhizobiaceae	Agrobacterium	unclassified	Alphaproteobacteria
567841	Rhizoplane	Day_After_Germination	0.005124433648370659	8.125206321062196e-4	6.306835107789299	3.492958957883259e-9	1.88619783725696e-7	Increasing	Increasing	Bacteria	Proteobacteria	Deltaproteobacteria	[Entotheonellales]	unclassified	unclassified	unclassified	Deltaproteobacteria
565744	Rhizoplane	Day_After_Germination	0.012547755588730393	0.0015259202324835787	8.223074392498054	1.2185769109866304e-13	6.580315319327804e-12	Increasing	Increasing	Bacteria	Proteobacteria	Betaproteobacteria	SBla14	unclassified	unclassified	unclassified	Betaproteobacteria
555887	Rhizoplane	Day_After_Germination	0.011148759211945065	0.0013537907445340333	8.23521600879492	1.1381314797475886e-13	6.145909990636978e-12	Increasing	Increasing	Bacteria	Proteobacteria	Betaproteobacteria	SBla14	unclassified	unclassified	unclassified	Betaproteobacteria
527397	Rhizoplane	Day_After_Germination	0.005262713243168837	9.251493324173021e-4	5.688501368117524	7.203353283010485e-8	3.8898107728256624e-6	Increasing	Increasing	Bacteria	Proteobacteria	Gammaproteobacteria	Xanthomonadales	Sinobacteraceae	unclassified	unclassified	Gammaproteobacteria
351875	Rhizoplane	Day_After_Germination	-0.004140635644740992	6.054543815474709e-4	-6.838889552930493	2.2774241237682872e-10	1.229809026834875e-8	Decreasing	Decreasing	Bacteria	Proteobacteria	Betaproteobacteria	Burkholderiales	Comamonadaceae	Hydrogenophaga	unclassified	Betaproteobacteria
339660	Rhizoplane	Day_After_Germination	0.015111818690978822	0.002077159404305138	7.2752330223948825	2.2508052399129876e-11	1.2154348295530133e-9	Increasing	Increasing	Bacteria	Proteobacteria	Gammaproteobacteria	Xanthomonadales	Sinobacteraceae	unclassified	unclassified	Gammaproteobacteria
323881	Rhizoplane	Day_After_Germination	-3.759817029722279e-4	3.3993427405605364e-4	-1.106042348969584	0.2706051748102169	1	Decreasing	Neutral	Bacteria	Proteobacteria	Betaproteobacteria	Burkholderiales	unclassified	unclassified	unclassified	Betaproteobacteria
307872	Rhizoplane	Day_After_Germination	0.005611756009863659	7.666729906354136e-4	7.3196213749654495	1.772564522752982e-11	9.571848422866104e-10	Increasing	Increasing	Bacteria	Proteobacteria	Deltaproteobacteria	[Entotheonellales]	unclassified	unclassified	unclassified	Deltaproteobacteria
277409	Rhizoplane	Day_After_Germination	-0.004642865214756275	6.122065671232903e-4	-7.5838213179788765	4.225859488833792e-12	2.2819641239702474e-10	Decreasing	Decreasing	Bacteria	Proteobacteria	Betaproteobacteria	Burkholderiales	Comamonadaceae	unclassified	unclassified	Betaproteobacteria
266166	Rhizoplane	Day_After_Germination	9.362679561506535e-4	2.1619503517122574e-4	4.3306635391008514	2.8156915912044307e-5	0.0015204734592503925	Increasing	Increasing	Bacteria	Proteobacteria	Betaproteobacteria	unclassified	unclassified	unclassified	unclassified	Betaproteobacteria
248404	Rhizoplane	Day_After_Germination	-0.01197305152798856	0.0013337051590890732	-8.977285156613032	1.6569754353820084e-15	8.947667351062845e-14	Decreasing	Decreasing	Bacteria	Bacteroidetes	[Saprospirae]	[Saprospirales]	Saprospiraceae	Haliscomenobacter	unclassified	Bacteroidetes
234790	Rhizoplane	Day_After_Germination	0.022624878638696538	0.0020581704170632327	10.992713942016318	1.1871474580280003e-20	6.410596273351202e-19	Increasing	Increasing	Bacteria	Proteobacteria	Deltaproteobacteria	Desulfovibrionales	Desulfovibrionaceae	Desulfovibrio	mexicanus	Deltaproteobacteria
234236	Rhizoplane	Day_After_Germination	0.0278853356024145	0.0026816946270118843	10.398400817727008	4.040253239434408e-19	2.1817367492945804e-17	Increasing	Increasing	Bacteria	Proteobacteria	Betaproteobacteria	SBla14	unclassified	unclassified	unclassified	Betaproteobacteria
234053	Rhizoplane	Day_After_Germination	0.00436143533437226	0.0010577928190166302	4.123147043507856	6.374104049363468e-5	0.0034420161866562725	Increasing	Increasing	Bacteria	Proteobacteria	Betaproteobacteria	Ellin6067	unclassified	unclassified	unclassified	Betaproteobacteria
230455	Rhizoplane	Day_After_Germination	0.0029394755441580645	4.104756193413369e-4	7.16114528038193	4.147085522378001e-11	2.2394261820841204e-9	Increasing	Increasing	Bacteria	Proteobacteria	Betaproteobacteria	Gallionellales	Gallionellaceae	Gallionella	unclassified	Betaproteobacteria
205044	Rhizoplane	Day_After_Germination	0.00517126149376793	0.0013172978973438004	3.925658352750173	1.3515804302773217e-4	0.0072985343234975375	Increasing	Increasing	Bacteria	Proteobacteria	Betaproteobacteria	Ellin6067	unclassified	unclassified	unclassified	Betaproteobacteria
178053	Rhizoplane	Day_After_Germination	0.004018774049890317	5.814655547097983e-4	6.911456779062405	1.5567091956793457e-10	8.406229656668466e-9	Increasing	Increasing	Bacteria	Proteobacteria	Betaproteobacteria	unclassified	unclassified	unclassified	unclassified	Betaproteobacteria
156377	Rhizoplane	Day_After_Germination	0.0045453320110603055	7.402386582980132e-4	6.140360220460679	8.020571412444059e-9	4.331108562719792e-7	Increasing	Increasing	Bacteria	Proteobacteria	Alphaproteobacteria	Rhodospirillales	Rhodospirillaceae	Telmatospirillum	unclassified	Alphaproteobacteria
149268	Rhizoplane	Day_After_Germination	5.882837212751271e-4	4.694026366378023e-4	1.2532603683030759	0.21219998550759214	1	Increasing	Neutral	Bacteria	Proteobacteria	Betaproteobacteria	Rhodocyclales	Rhodocyclaceae	unclassified	unclassified	Betaproteobacteria
149163	Rhizoplane	Day_After_Germination	0.011351565611415768	0.0017565403772805894	6.46245640478236	1.5895048006764528e-9	8.583325923652846e-8	Increasing	Increasing	Bacteria	Proteobacteria	Deltaproteobacteria	Desulfovibrionales	Desulfovibrionaceae	Desulfovibrio	putealis	Deltaproteobacteria
144821	Rhizoplane	Day_After_Germination	0.032555793212648156	0.002650724323836551	12.281847991468316	5.503629795597953e-24	2.971960089622895e-22	Increasing	Increasing	Bacteria	Proteobacteria	Betaproteobacteria	SBla14	unclassified	unclassified	unclassified	Betaproteobacteria
129337	Rhizoplane	Day_After_Germination	0.012662388218097629	0.0018587118339786469	6.812453650221444	2.614805491721791e-10	1.411994965529767e-8	Increasing	Increasing	Bacteria	Proteobacteria	Alphaproteobacteria	Rhodospirillales	Rhodospirillaceae	Telmatospirillum	siberiense	Alphaproteobacteria
6955	Rhizoplane	Day_After_Germination	-0.015141553499971278	0.0018093209175179727	-8.368638948110139	5.3622682668898606e-14	2.895624864120525e-12	Decreasing	Decreasing	Bacteria	Proteobacteria	Betaproteobacteria	Burkholderiales	Comamonadaceae	Hydrogenophaga	unclassified	Betaproteobacteria
816501	Rhizoplane	Day_After_Germination	0.019871470081523786	0.0020217963745232017	9.828620889781769	1.1641033582307921e-17	6.286158134446277e-16	Increasing	Increasing	Bacteria	Proteobacteria	Betaproteobacteria	SBla14	unclassified	unclassified	unclassified	Betaproteobacteria
831419	Rhizoplane	Day_After_Germination	-0.03728283841098278	0.0032734514576580292	-11.389458158532328	1.1191334854966238e-21	6.043320821681769e-20	Decreasing	Decreasing	Bacteria	Proteobacteria	Betaproteobacteria	Burkholderiales	Comamonadaceae	Hydrogenophaga	unclassified	Betaproteobacteria
1144887	Rhizoplane	Day_After_Germination	-0.004440342211196383	7.396487924068804e-4	-6.003311648420502	1.5759955851361354e-8	8.510376159735131e-7	Decreasing	Decreasing	Bacteria	Acidobacteria	Holophagae	Holophagales	Holophagaceae	unclassified	unclassified	Acidobacteria
2866157	Rhizoplane	Day_After_Germination	0.019132786947524988	0.0016260947064198187	11.766096323903389	1.1869470633859444e-22	6.4095141422841e-21	Increasing	Increasing	Bacteria	Spirochaetes	Spirochaetes	Spirochaetales	Spirochaetaceae	Treponema	unclassified	Spirochaetes
2969888	Rhizoplane	Day_After_Germination	0.006931032253682369	0.0015732522888431129	4.405544045818034	2.0827845347814778e-5	0.001124703648781998	Increasing	Increasing	Bacteria	Proteobacteria	Betaproteobacteria	Burkholderiales	Alcaligenaceae	unclassified	unclassified	Betaproteobacteria
3116297	Rhizoplane	Day_After_Germination	0.03930736458254171	0.003462127307013167	11.35352952010676	1.3861634568091733e-21	7.485282666769536e-20	Increasing	Increasing	Bacteria	Proteobacteria	Deltaproteobacteria	Myxococcales	unclassified	unclassified	unclassified	Deltaproteobacteria
818239	Rhizoplane	Day_After_Germination	-0.012258586935060477	0.0035230171772202916	-3.4795705835112245	6.698409207551026e-4	0.03617140972077554	Decreasing	Decreasing	Bacteria	Proteobacteria	Betaproteobacteria	Rhodocyclales	Rhodocyclaceae	unclassified	unclassified	Betaproteobacteria
3257079	Rhizoplane	Day_After_Germination	-0.005029516068855961	9.408473814976856e-4	-5.345729995921058	3.570420942464402e-7	1.928027308930777e-5	Decreasing	Decreasing	Bacteria	Proteobacteria	Betaproteobacteria	Rhodocyclales	Rhodocyclaceae	Dechloromonas	unclassified	Betaproteobacteria
1131357	Rhizoplane	Day_After_Germination	-0.003761379129122962	8.940467263834088e-4	-4.2071393117655775	4.594513737098041e-5	0.002481037418032942	Decreasing	Decreasing	Bacteria	Proteobacteria	Betaproteobacteria	Burkholderiales	Comamonadaceae	unclassified	unclassified	Betaproteobacteria
731748	Rhizoplane	Day_After_Germination	-0.0035921890638427045	5.28335497697739e-4	-6.799068166905184	2.8039888007108326e-10	1.5141539523838496e-8	Decreasing	Decreasing	Bacteria	Proteobacteria	Betaproteobacteria	Burkholderiales	Comamonadaceae	unclassified	unclassified	Betaproteobacteria
876957	Rhizoplane	Day_After_Germination	0.016115060723354755	0.001828073351406956	8.815325003754351	4.206646100260616e-15	2.2715888941407325e-13	Increasing	Increasing	Bacteria	Proteobacteria	Betaproteobacteria	SBla14	unclassified	unclassified	unclassified	Betaproteobacteria
4302412	Rhizoplane	Day_After_Germination	0.0030504548895155027	4.588060510183614e-4	6.648680597705159	6.119026674778212e-10	3.304274404380234e-8	Increasing	Increasing	Bacteria	Proteobacteria	Betaproteobacteria	unclassified	unclassified	unclassified	unclassified	Betaproteobacteria
4308730	Rhizoplane	Day_After_Germination	0.0025155174643143726	5.880916944858013e-4	4.277423891377718	3.481409987658878e-5	0.0018799613933357941	Increasing	Increasing	Bacteria	Bacteroidetes	Cytophagia	Cytophagales	Cytophagaceae	unclassified	unclassified	Bacteroidetes
4312335	Rhizoplane	Day_After_Germination	0.0036764219148069134	0.0030577159487754526	1.2023425250730824	0.23126049396050705	1	Increasing	Neutral	Bacteria	Proteobacteria	Betaproteobacteria	Burkholderiales	Comamonadaceae	unclassified	unclassified	Betaproteobacteria
4315253	Rhizoplane	Day_After_Germination	-0.008599631993499031	0.0011984507257204783	-7.175624169553696	3.8384785109706345e-11	2.0727783959241427e-9	Decreasing	Decreasing	Bacteria	Proteobacteria	Deltaproteobacteria	Bdellovibrionales	Bacteriovoracaceae	unclassified	unclassified	Deltaproteobacteria
4354706	Rhizoplane	Day_After_Germination	0.017685323412735425	0.0015316616768864767	11.546494685879786	4.391617547675461e-22	2.3714734757447488e-20	Increasing	Increasing	Bacteria	Proteobacteria	Deltaproteobacteria	Desulfovibrionales	Desulfovibrionaceae	Desulfovibrio	putealis	Deltaproteobacteria
4364915	Rhizoplane	Day_After_Germination	-0.0014187343408584522	2.7494932716785566e-4	-5.159984770547627	8.290226597361715e-7	4.4767223625753264e-5	Decreasing	Decreasing	Bacteria	Proteobacteria	Betaproteobacteria	Rhodocyclales	Rhodocyclaceae	Dechloromonas	unclassified	Betaproteobacteria
4373617	Rhizoplane	Day_After_Germination	0.003220419657157693	6.616664897190605e-4	4.867134284713531	3.0124484328122445e-6	1.626722153718612e-4	Increasing	Increasing	Bacteria	Proteobacteria	Gammaproteobacteria	Xanthomonadales	Sinobacteraceae	unclassified	unclassified	Gammaproteobacteria
4375074	Rhizoplane	Day_After_Germination	-0.0040782877923496745	6.27258028728408e-4	-6.501770572179481	1.3008312195380453e-9	7.024488585505444e-8	Decreasing	Decreasing	Bacteria	Proteobacteria	Betaproteobacteria	Rhodocyclales	Rhodocyclaceae	unclassified	unclassified	Betaproteobacteria
4381473	Rhizoplane	Day_After_Germination	0.003819312582111576	0.0013576189544827445	2.813243413772712	0.005610277483935108	0.30295498413249583	Increasing	Neutral	Bacteria	Proteobacteria	Alphaproteobacteria	Sphingomonadales	unclassified	unclassified	unclassified	Alphaproteobacteria
4388772	Rhizoplane	Day_After_Germination	-0.007009073895346444	0.001128403895142402	-6.211493885761458	5.630715922773546e-9	3.0405865982977146e-7	Decreasing	Decreasing	Bacteria	Proteobacteria	Betaproteobacteria	Rhodocyclales	Rhodocyclaceae	Dechloromonas	unclassified	Betaproteobacteria
4423471	Rhizoplane	Day_After_Germination	-0.0053229527683052455	6.80675893935997e-4	-7.82009883958922	1.15311510138651e-12	6.226821547487155e-11	Decreasing	Decreasing	Bacteria	Proteobacteria	Betaproteobacteria	Rhodocyclales	Rhodocyclaceae	Dechloromonas	unclassified	Betaproteobacteria
4425297	Rhizoplane	Day_After_Germination	0.007697171933824851	8.754465906636611e-4	8.792280438250101	4.801233299573787e-15	2.5926659817698447e-13	Increasing	Increasing	Bacteria	Proteobacteria	Deltaproteobacteria	Desulfuromonadales	Geobacteraceae	Geobacter	unclassified	Deltaproteobacteria
4439805	Rhizoplane	Day_After_Germination	-0.005874408386020271	0.0014287323414432511	-4.111622741098005	6.664577355340868e-5	0.0035988717718840684	Decreasing	Decreasing	Bacteria	Fibrobacteres	Fibrobacteria	258ds10	unclassified	unclassified	unclassified	Fibrobacteres
4453710	Rhizoplane	Day_After_Germination	-0.028538594925128825	0.0033181836988104996	-8.600667568633805	1.4361051296212586e-14	7.754967699954796e-13	Decreasing	Decreasing	Bacteria	Proteobacteria	Betaproteobacteria	Burkholderiales	Comamonadaceae	Rhodoferax	unclassified	Betaproteobacteria
37119	Rhizoplane	Day_After_Germination	0.013916822755431713	0.0014665892751555977	9.489243506131059	8.493978940258465e-17	4.586748627739571e-15	Increasing	Increasing	Archaea	Euryarchaeota	Methanomicrobia	Methanomicrobiales	Methanoregulaceae	Candidatus_Methanoregula	unclassified	Euryarchaeota
